n,random,sorted,reverse_sorted,partially_sorted
100,0.34909,0.0174098,0.7399402,0.0435802,
200,0.5194898,0.0115399,0.8063798,0.4425598,
400,0.3898803,0.027439799999999997,0.7063697999999999,0.19365939999999998,
800,1.4452702,0.91546,3.00732,0.8406002000000001,
1600,5.5793900999999995,0.02196,10.7797301,3.8701798,
3200,22.292899499999997,0.0509102,46.8974898,14.7401701,
6400,93.5150299,0.0885901,193.6411898,60.82099960000001,
12800,363.05107,0.16514979999999999,784.8879004,246.48045050000002,
