n,random,sorted,reverse_sorted,partially_sorted
100,0.82007,0.00978,0.7278,0.09977
200,0.40486,0.01227,0.64971,0.09889
400,1.96165,0.04363,1.16239,0.05676
800,1.28696,0.62152,2.85277,0.27927
1600,6.57653,0.03293,12.17778,1.4696
3200,21.69724,0.06136,42.20867,2.7336
6400,88.22913,0.08708,165.91887,13.96903
12800,308.59678,0.1312,606.52791,58.8911
